domain,label,tld,source,registrable,tier,registration_cost,renewal_cost,currency,reason,checked_at_utc
dotseat.com,dotseat,com,root+ending,True,standard,10.46,10.46,USD,,2026-08-25T16:47:49+00:00
handdot.com,handdot,com,prefix+root+root+ending,True,standard,10.46,10.46,USD,,2026-08-25T16:47:49+00:00
seatdot.com,seatdot,com,prefix+root+root+ending,True,standard,10.46,10.46,USD,,2026-08-25T16:47:49+00:00
chalkkit.com,chalkkit,com,root+ending,True,standard,10.46,10.46,USD,,2026-08-25T16:47:49+00:00
chartdot.com,chartdot,com,root+ending,True,standard,10.46,10.46,USD,,2026-08-25T16:47:49+00:00
classdot.com,classdot,com,exact+prefix+root+root+ending,True,standard,10.46,10.46,USD,,2026-08-25T16:47:49+00:00
counttap.com,counttap,com,root+ending,True,standard,10.46,10.46,USD,,2026-08-25T16:47:49+00:00
dottally.com,dottally,com,root+ending,True,standard,10.46,10.46,USD,,2026-08-25T16:47:49+00:00
rollseat.com,rollseat,com,root+ending,True,standard,10.46,10.46,USD,,2026-08-25T16:47:49+00:00
roomhand.com,roomhand,com,prefix+root,True,standard,10.46,10.46,USD,,2026-08-25T16:47:49+00:00
roomseat.com,roomseat,com,prefix+root+root+ending,True,standard,10.46,10.46,USD,,2026-08-25T16:47:49+00:00
seathand.com,seathand,com,prefix+root,True,standard,10.46,10.46,USD,,2026-08-25T16:47:49+00:00
seatturn.com,seatturn,com,prefix+root,True,standard,10.46,10.46,USD,,2026-08-25T16:47:49+00:00
tallymat.com,tallymat,com,exact,True,standard,10.46,10.46,USD,,2026-08-25T16:47:49+00:00
tapaface.com,tapaface,com,exact,True,standard,10.46,10.46,USD,,2026-08-25T16:47:49+00:00
taptapir.com,taptapir,com,exact,True,standard,10.46,10.46,USD,,2026-08-25T16:47:49+00:00
chalkgrid.com,chalkgrid,com,prefix+root,True,standard,10.46,10.46,USD,,2026-08-25T16:47:49+00:00
chalkhand.com,chalkhand,com,prefix+root,True,standard,10.46,10.46,USD,,2026-08-25T16:47:49+00:00
chalkroll.com,chalkroll,com,prefix+root+root+ending,True,standard,10.46,10.46,USD,,2026-08-25T16:47:49+00:00
chalkseat.com,chalkseat,com,prefix+root+root+ending,True,standard,10.46,10.46,USD,,2026-08-25T16:47:49+00:00
chalkturn.com,chalkturn,com,prefix+root,True,standard,10.46,10.46,USD,,2026-08-25T16:47:49+00:00
chartseat.com,chartseat,com,root+ending,True,standard,10.46,10.46,USD,,2026-08-25T16:47:49+00:00
classturn.com,classturn,com,prefix+root,True,standard,10.46,10.46,USD,,2026-08-25T16:47:49+00:00
countmark.com,countmark,com,root+ending,True,standard,10.46,10.46,USD,,2026-08-25T16:47:49+00:00
countnote.com,countnote,com,root+ending,True,standard,10.46,10.46,USD,,2026-08-25T16:47:49+00:00
countseat.com,countseat,com,root+ending,True,standard,10.46,10.46,USD,,2026-08-25T16:47:49+00:00
deskchalk.com,deskchalk,com,prefix+root,True,standard,10.46,10.46,USD,,2026-08-25T16:47:49+00:00
deskraise.com,deskraise,com,prefix+root,True,standard,10.46,10.46,USD,,2026-08-25T16:47:49+00:00
fairturns.com,fairturns,com,exact,True,standard,10.46,10.46,USD,,2026-08-25T16:47:49+00:00
handchalk.com,handchalk,com,prefix+root,True,standard,10.46,10.46,USD,,2026-08-25T16:47:49+00:00
markclass.com,markclass,com,root+ending,True,standard,10.46,10.46,USD,,2026-08-25T16:47:49+00:00
marktally.com,marktally,com,root+ending,True,standard,10.46,10.46,USD,,2026-08-25T16:47:49+00:00
noticedot.com,noticedot,com,root+ending,True,standard,10.46,10.46,USD,,2026-08-25T16:47:49+00:00
noticetap.com,noticetap,com,root+ending,True,standard,10.46,10.46,USD,,2026-08-25T16:47:49+00:00
raiseseat.com,raiseseat,com,root+ending,True,standard,10.46,10.46,USD,,2026-08-25T16:47:49+00:00
rolltally.com,rolltally,com,root+ending,True,standard,10.46,10.46,USD,,2026-08-25T16:47:49+00:00
roomchalk.com,roomchalk,com,prefix+root,True,standard,10.46,10.46,USD,,2026-08-25T16:47:49+00:00
seatchalk.com,seatchalk,com,prefix+root,True,standard,10.46,10.46,USD,,2026-08-25T16:47:49+00:00
seatraise.com,seatraise,com,prefix+root,True,standard,10.46,10.46,USD,,2026-08-25T16:47:49+00:00
seatvoice.com,seatvoice,com,prefix+root,True,standard,10.46,10.46,USD,,2026-08-25T16:47:49+00:00
spottally.com,spottally,com,root+ending,True,standard,10.46,10.46,USD,,2026-08-25T16:47:49+00:00
tallybeat.com,tallybeat,com,root+ending,True,standard,10.46,10.46,USD,,2026-08-25T16:47:49+00:00
turnchart.com,turnchart,com,root+ending,True,standard,10.46,10.46,USD,,2026-08-25T16:47:49+00:00
turnclass.com,turnclass,com,root+ending,True,standard,10.46,10.46,USD,,2026-08-25T16:47:49+00:00
voiceseat.com,voiceseat,com,root+ending,True,standard,10.46,10.46,USD,,2026-08-25T16:47:49+00:00
chalkchalk.com,chalkchalk,com,prefix+root,True,standard,10.46,10.46,USD,,2026-08-25T16:47:49+00:00
chalkclass.com,chalkclass,com,prefix+root+root+ending,True,standard,10.46,10.46,USD,,2026-08-25T16:47:49+00:00
chalkcount.com,chalkcount,com,prefix+root+root+ending,True,standard,10.46,10.46,USD,,2026-08-25T16:47:49+00:00
chalkraise.com,chalkraise,com,prefix+root,True,standard,10.46,10.46,USD,,2026-08-25T16:47:49+00:00
chalktally.com,chalktally,com,exact+prefix+root+root+ending,True,standard,10.46,10.46,USD,,2026-08-25T16:47:49+00:00
chalkvoice.com,chalkvoice,com,prefix+root,True,standard,10.46,10.46,USD,,2026-08-25T16:47:49+00:00
charttally.com,charttally,com,root+ending,True,standard,10.46,10.46,USD,,2026-08-25T16:47:49+00:00
classchalk.com,classchalk,com,prefix+root,True,standard,10.46,10.46,USD,,2026-08-25T16:47:49+00:00
countchart.com,countchart,com,root+ending,True,standard,10.46,10.46,USD,,2026-08-25T16:47:49+00:00
countclass.com,countclass,com,root+ending,True,standard,10.46,10.46,USD,,2026-08-25T16:47:49+00:00
desknotice.com,desknotice,com,prefix+root,True,standard,10.46,10.46,USD,,2026-08-25T16:47:49+00:00
everychalk.com,everychalk,com,prefix+root,True,standard,10.46,10.46,USD,,2026-08-25T16:47:49+00:00
handlesson.com,handlesson,com,prefix+root,True,standard,10.46,10.46,USD,,2026-08-25T16:47:49+00:00
handnotice.com,handnotice,com,prefix+root,True,standard,10.46,10.46,USD,,2026-08-25T16:47:49+00:00
lessonroll.com,lessonroll,com,root+ending,True,standard,10.46,10.46,USD,,2026-08-25T16:47:49+00:00
lessonseat.com,lessonseat,com,root+ending,True,standard,10.46,10.46,USD,,2026-08-25T16:47:49+00:00
noticebeat.com,noticebeat,com,root+ending,True,standard,10.46,10.46,USD,,2026-08-25T16:47:49+00:00
noticedeck.com,noticedeck,com,root+ending,True,standard,10.46,10.46,USD,,2026-08-25T16:47:49+00:00
noticehive.com,noticehive,com,root+ending,True,standard,10.46,10.46,USD,,2026-08-25T16:47:49+00:00
noticeroll.com,noticeroll,com,root+ending,True,standard,10.46,10.46,USD,,2026-08-25T16:47:49+00:00
noticeseat.com,noticeseat,com,root+ending,True,standard,10.46,10.46,USD,,2026-08-25T16:47:49+00:00
noticespot.com,noticespot,com,root+ending,True,standard,10.46,10.46,USD,,2026-08-25T16:47:49+00:00
raisechart.com,raisechart,com,root+ending,True,standard,10.46,10.46,USD,,2026-08-25T16:47:49+00:00
raisecount.com,raisecount,com,root+ending,True,standard,10.46,10.46,USD,,2026-08-25T16:47:49+00:00
raisetally.com,raisetally,com,root+ending,True,standard,10.46,10.46,USD,,2026-08-25T16:47:49+00:00
roomlesson.com,roomlesson,com,prefix+root,True,standard,10.46,10.46,USD,,2026-08-25T16:47:49+00:00
roomnotice.com,roomnotice,com,prefix+root,True,standard,10.46,10.46,USD,,2026-08-25T16:47:49+00:00
seatlesson.com,seatlesson,com,prefix+root,True,standard,10.46,10.46,USD,,2026-08-25T16:47:49+00:00
seatnotice.com,seatnotice,com,prefix+root,True,standard,10.46,10.46,USD,,2026-08-25T16:47:49+00:00
tallychalk.com,tallychalk,com,prefix+root,True,standard,10.46,10.46,USD,,2026-08-25T16:47:49+00:00
tallyraise.com,tallyraise,com,prefix+root,True,standard,10.46,10.46,USD,,2026-08-25T16:47:49+00:00
tapirclass.com,tapirclass,com,exact,True,standard,10.46,10.46,USD,,2026-08-25T16:47:49+00:00
chalklesson.com,chalklesson,com,prefix+root,True,standard,10.46,10.46,USD,,2026-08-25T16:47:49+00:00
chalknotice.com,chalknotice,com,prefix+root,True,standard,10.46,10.46,USD,,2026-08-25T16:47:49+00:00
lessoncount.com,lessoncount,com,root+ending,True,standard,10.46,10.46,USD,,2026-08-25T16:47:49+00:00
noticechart.com,noticechart,com,root+ending,True,standard,10.46,10.46,USD,,2026-08-25T16:47:49+00:00
noticecount.com,noticecount,com,root+ending,True,standard,10.46,10.46,USD,,2026-08-25T16:47:49+00:00
noticesense.com,noticesense,com,root+ending,True,standard,10.46,10.46,USD,,2026-08-25T16:47:49+00:00
noticetally.com,noticetally,com,root+ending,True,standard,10.46,10.46,USD,,2026-08-25T16:47:49+00:00
onetapclass.com,onetapclass,com,exact,True,standard,10.46,10.46,USD,,2026-08-25T16:47:49+00:00
tallylesson.com,tallylesson,com,prefix+root,True,standard,10.46,10.46,USD,,2026-08-25T16:47:49+00:00
tallynotice.com,tallynotice,com,prefix+root,True,standard,10.46,10.46,USD,,2026-08-25T16:47:49+00:00
tapandtally.com,tapandtally,com,exact,True,standard,10.46,10.46,USD,,2026-08-25T16:47:49+00:00
pipseat.com,pipseat,com,exact,True,standard,10.46,10.46,USD,,2026-08-25T16:49:14+00:00
hootcount.com,hootcount,com,exact,True,standard,10.46,10.46,USD,,2026-08-25T16:49:14+00:00
tapirdesk.com,tapirdesk,com,exact,True,standard,10.46,10.46,USD,,2026-08-25T16:49:14+00:00
tapmagpie.com,tapmagpie,com,exact,True,standard,10.46,10.46,USD,,2026-08-25T16:49:14+00:00
wrentally.com,wrentally,com,exact,True,standard,10.46,10.46,USD,,2026-08-25T16:49:14+00:00
chartaseat.com,chartaseat,com,exact,True,standard,10.46,10.46,USD,,2026-08-25T16:49:14+00:00
dottyclass.com,dottyclass,com,exact,True,standard,10.46,10.46,USD,,2026-08-25T16:49:14+00:00
evenvoices.com,evenvoices,com,exact,True,standard,10.46,10.46,USD,,2026-08-25T16:49:14+00:00
heardclass.com,heardclass,com,exact,True,standard,10.46,10.46,USD,,2026-08-25T16:49:14+00:00
robincount.com,robincount,com,exact,True,standard,10.46,10.46,USD,,2026-08-25T16:49:14+00:00
tallytapir.com,tallytapir,com,exact,True,standard,10.46,10.46,USD,,2026-08-25T16:49:14+00:00
tapirtally.com,tapirtally,com,exact,True,standard,10.46,10.46,USD,,2026-08-25T16:49:14+00:00
tapthedesk.com,tapthedesk,com,exact,True,standard,10.46,10.46,USD,,2026-08-25T16:49:14+00:00
evenlyheard.com,evenlyheard,com,exact,True,standard,10.46,10.46,USD,,2026-08-25T16:49:14+00:00
magpietally.com,magpietally,com,exact,True,standard,10.46,10.46,USD,,2026-08-25T16:49:14+00:00
tapthetally.com,tapthetally,com,exact,True,standard,10.46,10.46,USD,,2026-08-25T16:49:14+00:00
countsforall.com,countsforall,com,exact,True,standard,10.46,10.46,USD,,2026-08-25T16:49:14+00:00
tallythedesk.com,tallythedesk,com,exact,True,standard,10.46,10.46,USD,,2026-08-25T16:49:14+00:00
tapyourclass.com,tapyourclass,com,exact,True,standard,10.46,10.46,USD,,2026-08-25T16:49:14+00:00
everyonesturn.com,everyonesturn,com,exact,True,standard,10.46,10.46,USD,,2026-08-25T16:49:14+00:00
makeeachcount.com,makeeachcount,com,exact,True,standard,10.46,10.46,USD,,2026-08-25T16:49:14+00:00
tallyboardapp.com,tallyboardapp,com,exact,True,standard,10.46,10.46,USD,,2026-08-25T16:49:14+00:00
deskdot.app,deskdot,app,exact,True,standard,14.20,14.20,USD,,2026-08-25T16:49:14+00:00
deskdot.io,deskdot,io,exact,True,standard,50.00,50.00,USD,,2026-08-25T16:49:14+00:00
deskdot.co,deskdot,co,exact,True,standard,30.00,30.00,USD,,2026-08-25T16:49:14+00:00
deskdot.school,deskdot,school,exact,True,standard,28.20,28.20,USD,,2026-08-25T16:49:14+00:00
handsup.school,handsup,school,exact,True,standard,28.20,28.20,USD,,2026-08-25T16:49:14+00:00
seatmap.school,seatmap,school,exact,True,standard,28.20,28.20,USD,,2026-08-25T16:49:14+00:00
tallyup.school,tallyup,school,exact,True,standard,28.20,28.20,USD,,2026-08-25T16:49:14+00:00
tapmark.co,tapmark,co,exact,True,standard,30.00,30.00,USD,,2026-08-25T16:49:14+00:00
tapmark.school,tapmark,school,exact,True,standard,28.20,28.20,USD,,2026-08-25T16:49:14+00:00
tapnote.school,tapnote,school,exact,True,standard,28.20,28.20,USD,,2026-08-25T16:49:14+00:00
seatmark.app,seatmark,app,exact,True,standard,14.20,14.20,USD,,2026-08-25T16:49:14+00:00
seatmark.io,seatmark,io,exact,True,standard,50.00,50.00,USD,,2026-08-25T16:49:14+00:00
seatmark.co,seatmark,co,exact,True,standard,30.00,30.00,USD,,2026-08-25T16:49:14+00:00
seatmark.school,seatmark,school,exact,True,standard,28.20,28.20,USD,,2026-08-25T16:49:14+00:00
seatspot.io,seatspot,io,exact,True,standard,50.00,50.00,USD,,2026-08-25T16:49:14+00:00
seatspot.co,seatspot,co,exact,True,standard,30.00,30.00,USD,,2026-08-25T16:49:14+00:00
seatspot.school,seatspot,school,exact,True,standard,28.20,28.20,USD,,2026-08-25T16:49:14+00:00
tallybee.co,tallybee,co,exact,True,standard,30.00,30.00,USD,,2026-08-25T16:49:14+00:00
tallybee.school,tallybee,school,exact,True,standard,28.20,28.20,USD,,2026-08-25T16:49:14+00:00
tallyowl.app,tallyowl,app,exact,True,standard,14.20,14.20,USD,,2026-08-25T16:49:14+00:00
tallyowl.io,tallyowl,io,exact,True,standard,50.00,50.00,USD,,2026-08-25T16:49:14+00:00
tallyowl.co,tallyowl,co,exact,True,standard,30.00,30.00,USD,,2026-08-25T16:49:14+00:00
tallyowl.school,tallyowl,school,exact,True,standard,28.20,28.20,USD,,2026-08-25T16:49:14+00:00
tapchart.co,tapchart,co,exact,True,standard,30.00,30.00,USD,,2026-08-25T16:49:14+00:00
tapchart.school,tapchart,school,exact,True,standard,28.20,28.20,USD,,2026-08-25T16:49:14+00:00
taptally.io,taptally,io,exact,True,standard,50.00,50.00,USD,,2026-08-25T16:49:14+00:00
taptally.co,taptally,co,exact,True,standard,30.00,30.00,USD,,2026-08-25T16:49:14+00:00
taptally.school,taptally,school,exact,True,standard,28.20,28.20,USD,,2026-08-25T16:49:14+00:00
whospoke.io,whospoke,io,exact,True,standard,50.00,50.00,USD,,2026-08-25T16:49:14+00:00
whospoke.co,whospoke,co,exact,True,standard,30.00,30.00,USD,,2026-08-25T16:49:14+00:00
whospoke.school,whospoke,school,exact,True,standard,28.20,28.20,USD,,2026-08-25T16:49:14+00:00
chalkspot.app,chalkspot,app,exact,True,standard,14.20,14.20,USD,,2026-08-25T16:49:14+00:00
chalkspot.io,chalkspot,io,exact,True,standard,50.00,50.00,USD,,2026-08-25T16:49:14+00:00
chalkspot.co,chalkspot,co,exact,True,standard,30.00,30.00,USD,,2026-08-25T16:49:14+00:00
chalkspot.school,chalkspot,school,exact,True,standard,28.20,28.20,USD,,2026-08-25T16:49:14+00:00
desktally.io,desktally,io,exact,True,standard,50.00,50.00,USD,,2026-08-25T16:49:14+00:00
desktally.co,desktally,co,exact,True,standard,30.00,30.00,USD,,2026-08-25T16:49:14+00:00
desktally.school,desktally,school,exact,True,standard,28.20,28.20,USD,,2026-08-25T16:49:14+00:00
everyhand.app,everyhand,app,exact,True,standard,14.20,14.20,USD,,2026-08-25T16:49:14+00:00
everyhand.io,everyhand,io,exact,True,standard,50.00,50.00,USD,,2026-08-25T16:49:14+00:00
everyhand.co,everyhand,co,exact,True,standard,30.00,30.00,USD,,2026-08-25T16:49:14+00:00
everyhand.school,everyhand,school,exact,True,standard,28.20,28.20,USD,,2026-08-25T16:49:14+00:00
seatsense.app,seatsense,app,exact,True,standard,14.20,14.20,USD,,2026-08-25T16:49:14+00:00
seatsense.co,seatsense,co,exact,True,standard,30.00,30.00,USD,,2026-08-25T16:49:14+00:00
seatsense.school,seatsense,school,exact,True,standard,28.20,28.20,USD,,2026-08-25T16:49:14+00:00
tallymate.io,tallymate,io,exact,True,standard,50.00,50.00,USD,,2026-08-25T16:49:14+00:00
tallymate.school,tallymate,school,exact,True,standard,28.20,28.20,USD,,2026-08-25T16:49:14+00:00
tallynest.io,tallynest,io,exact,True,standard,50.00,50.00,USD,,2026-08-25T16:49:14+00:00
tallynest.co,tallynest,co,exact,True,standard,30.00,30.00,USD,,2026-08-25T16:49:14+00:00
tallynest.school,tallynest,school,exact,True,standard,28.20,28.20,USD,,2026-08-25T16:49:14+00:00
tallyroom.app,tallyroom,app,exact,True,standard,14.20,14.20,USD,,2026-08-25T16:49:14+00:00
tallyroom.io,tallyroom,io,exact,True,standard,50.00,50.00,USD,,2026-08-25T16:49:14+00:00
tallyroom.co,tallyroom,co,exact,True,standard,30.00,30.00,USD,,2026-08-25T16:49:14+00:00
tallyroom.school,tallyroom,school,exact,True,standard,28.20,28.20,USD,,2026-08-25T16:49:14+00:00
tallywise.school,tallywise,school,exact,True,standard,28.20,28.20,USD,,2026-08-25T16:49:14+00:00
whoseturn.co,whoseturn,co,exact,True,standard,30.00,30.00,USD,,2026-08-25T16:49:14+00:00
whoseturn.school,whoseturn,school,exact,True,standard,28.20,28.20,USD,,2026-08-25T16:49:14+00:00
classpulse.school,classpulse,school,exact,True,standard,28.20,28.20,USD,,2026-08-25T16:49:14+00:00
classtally.io,classtally,io,exact,True,standard,50.00,50.00,USD,,2026-08-25T16:49:14+00:00
classtally.co,classtally,co,exact,True,standard,30.00,30.00,USD,,2026-08-25T16:49:14+00:00
classtally.school,classtally,school,exact,True,standard,28.20,28.20,USD,,2026-08-25T16:49:14+00:00
everyvoice.school,everyvoice,school,exact,True,standard,28.20,28.20,USD,,2026-08-25T16:49:14+00:00
quicktally.school,quicktally,school,exact,True,standard,28.20,28.20,USD,,2026-08-25T16:49:14+00:00
taptotrack.io,taptotrack,io,exact,True,standard,50.00,50.00,USD,,2026-08-25T16:49:14+00:00
taptotrack.co,taptotrack,co,exact,True,standard,30.00,30.00,USD,,2026-08-25T16:49:14+00:00
taptotrack.school,taptotrack,school,exact,True,standard,28.20,28.20,USD,,2026-08-25T16:49:14+00:00
classcanvas.io,classcanvas,io,exact,True,standard,50.00,50.00,USD,,2026-08-25T16:49:14+00:00
classcanvas.co,classcanvas,co,exact,True,standard,30.00,30.00,USD,,2026-08-25T16:49:14+00:00
classcanvas.school,classcanvas,school,exact,True,standard,28.20,28.20,USD,,2026-08-25T16:49:14+00:00
raisedhands.app,raisedhands,app,exact,True,standard,14.20,14.20,USD,,2026-08-25T16:49:14+00:00
raisedhands.io,raisedhands,io,exact,True,standard,50.00,50.00,USD,,2026-08-25T16:49:14+00:00
raisedhands.co,raisedhands,co,exact,True,standard,30.00,30.00,USD,,2026-08-25T16:49:14+00:00
raisedhands.school,raisedhands,school,exact,True,standard,28.20,28.20,USD,,2026-08-25T16:49:14+00:00
tappip.com,tappip,com,exact,True,standard,10.46,10.46,USD,,2026-08-25T16:49:53+00:00
tapfern.com,tapfern,com,exact,True,standard,10.46,10.46,USD,,2026-08-25T16:49:53+00:00
tallycub.com,tallycub,com,exact,True,standard,10.46,10.46,USD,,2026-08-25T16:49:53+00:00
tallypip.com,tallypip,com,exact,True,standard,10.46,10.46,USD,,2026-08-25T16:49:53+00:00
classfern.com,classfern,com,exact,True,standard,10.46,10.46,USD,,2026-08-25T16:49:53+00:00
tallyfern.com,tallyfern,com,exact,True,standard,10.46,10.46,USD,,2026-08-25T16:49:53+00:00
marktheroom.com,marktheroom,com,exact,True,standard,10.46,10.46,USD,,2026-08-25T16:49:53+00:00
seatingdots.com,seatingdots,com,exact,True,standard,10.46,10.46,USD,,2026-08-25T16:49:53+00:00
tallyandtap.com,tallyandtap,com,exact,True,standard,10.46,10.46,USD,,2026-08-25T16:49:53+00:00
tinytallies.com,tinytallies,com,exact,True,standard,10.46,10.46,USD,,2026-08-25T16:49:53+00:00
todaystally.com,todaystally,com,exact,True,standard,10.46,10.46,USD,,2026-08-25T16:49:53+00:00
onetallyaday.com,onetallyaday,com,exact,True,standard,10.46,10.46,USD,,2026-08-25T16:49:53+00:00
seatingtally.com,seatingtally,com,exact,True,standard,10.46,10.46,USD,,2026-08-25T16:49:53+00:00
tapsandmarks.com,tapsandmarks,com,exact,True,standard,10.46,10.46,USD,,2026-08-25T16:49:53+00:00
markthelesson.com,markthelesson,com,exact,True,standard,10.46,10.46,USD,,2026-08-25T16:49:53+00:00
tapsandtallies.com,tapsandtallies,com,exact,True,standard,10.46,10.46,USD,,2026-08-25T16:49:53+00:00
